frecuencia_kHz,impedancia_media_ohm,impedancia_std_ohm,desfase_media_deg,desfase_std_deg
100.0,5208.31,287.36,-78.92,1.55
101.0,5134.84,266.66,-78.62,1.59
102.0,5095.99,262.39,-78.34,1.57
103.0,5033.6,234.64,-78.39,1.42
104.0,4962.4,220.36,-78.02,1.9
105.0,4903.27,208.81,-78.13,1.65
106.0,4844.63,234.31,-78.25,1.78
107.0,4805.98,260.33,-78.35,1.43
108.0,4754.84,279.87,-77.96,1.42
109.0,4700.3,283.03,-77.58,1.42
110.0,4637.76,238.19,-77.1,1.56
111.0,4590.51,244.58,-77.04,1.33
112.0,4534.42,239.17,-76.73,1.69
113.0,4495.39,222.47,-76.56,1.64
114.0,4433.63,205.7,-76.37,1.65
115.0,4374.64,216.08,-76.58,1.83
116.0,4326.24,243.63,-76.51,1.54
117.0,4274.67,245.74,-76.58,1.65
118.0,4234.24,242.34,-75.9,1.62
119.0,4198.42,232.48,-75.88,1.63
120.0,4148.67,223.52,-75.52,1.36
121.0,4095.22,200.66,-75.38,1.53
122.0,4042.0,191.27,-75.16,1.25
123.0,4010.61,182.56,-75.25,1.43
124.0,3970.63,189.27,-75.33,1.34
125.0,3925.32,201.83,-75.5,1.44
126.0,3888.28,214.06,-75.4,1.51
127.0,3843.3,198.86,-75.36,1.37
128.0,3804.15,194.68,-74.94,1.4
129.0,3766.12,172.98,-75.02,1.36
130.0,3722.64,154.51,-74.92,1.23
131.0,3687.53,159.52,-74.93,1.31
132.0,3648.48,169.27,-74.87,1.37
133.0,3608.98,169.55,-74.41,1.49
134.0,3580.25,176.35,-74.06,1.55
135.0,3552.9,183.82,-74.01,1.58
136.0,3516.29,185.91,-74.24,1.25
137.0,3485.52,181.54,-74.3,1.36
138.0,3448.68,181.4,-74.36,1.5
139.0,3406.97,163.61,-74.61,1.47
140.0,3365.09,148.55,-74.4,1.3
141.0,3337.99,146.69,-74.14,1.25
142.0,3309.8,164.76,-73.79,1.29
143.0,3287.55,168.26,-73.51,1.19
144.0,3258.24,168.52,-73.49,1.2
145.0,3228.52,164.5,-73.34,1.38
146.0,3194.64,166.55,-73.25,1.28
147.0,3159.26,170.51,-73.52,1.4
148.0,3116.64,173.9,-73.27,1.23
149.0,3103.06,171.03,-73.0,1.23
150.0,3072.16,164.07,-72.98,1.28
151.0,3040.5,144.66,-72.61,1.3
152.0,3007.87,147.62,-72.3,1.35
153.0,2991.93,145.58,-72.28,1.33
154.0,2957.17,152.37,-71.98,1.29
155.0,2927.6,150.9,-71.88,1.51
156.0,2903.61,149.1,-71.69,1.45
157.0,2872.51,159.22,-71.77,1.28
158.0,2838.33,154.07,-71.54,1.59
159.0,2816.98,149.73,-71.39,1.24
160.0,2784.55,142.05,-70.61,1.25
161.0,2762.85,132.99,-70.72,1.46
162.0,2737.32,132.07,-70.52,1.32
163.0,2703.06,136.85,-70.34,1.37
164.0,2673.0,140.97,-70.3,1.28
165.0,2647.18,149.96,-70.16,1.29
166.0,2622.98,149.73,-69.78,1.29
167.0,2598.91,138.4,-69.5,1.29
168.0,2579.17,123.46,-69.39,1.31
169.0,2549.59,121.8,-69.42,1.23
170.0,2523.87,124.99,-69.19,1.58
171.0,2500.07,129.0,-69.23,1.32
172.0,2478.79,131.04,-69.12,1.17
173.0,2444.65,135.96,-68.94,1.23
174.0,2416.71,121.77,-68.45,1.37
175.0,2396.05,108.08,-68.21,1.36
176.0,2364.75,111.34,-67.86,1.32
177.0,2340.38,111.7,-67.73,1.17
178.0,2318.86,118.95,-67.68,1.32
179.0,2304.63,119.27,-67.57,1.36
180.0,2272.64,122.52,-67.05,1.36
181.0,2255.2,119.04,-66.98,1.27
182.0,2233.08,112.67,-66.69,1.5
183.0,2204.86,107.32,-66.49,1.39
184.0,2178.62,110.85,-66.33,1.68
185.0,2158.17,111.6,-66.17,1.47
186.0,2134.95,116.4,-65.78,1.54
187.0,2115.56,108.77,-65.52,1.33
188.0,2084.31,103.16,-65.34,1.42
189.0,2060.46,104.03,-65.21,1.46
190.0,2037.14,106.02,-65.08,1.36
191.0,2018.94,103.37,-64.96,1.35
192.0,1995.75,106.19,-64.78,1.43
193.0,1980.91,104.31,-64.58,1.55
194.0,1948.4,95.3,-64.23,1.45
195.0,1921.9,98.41,-64.13,1.55
196.0,1905.46,100.79,-63.95,1.57
197.0,1886.72,102.22,-63.53,1.66
198.0,1869.44,102.01,-63.09,1.57
199.0,1853.44,96.87,-62.93,1.52
200.0,1823.55,95.38,-62.86,1.45
201.0,1796.96,89.39,-62.64,1.61
202.0,1781.08,96.35,-62.27,1.54
203.0,1767.41,98.26,-62.14,1.47
204.0,1747.84,92.38,-61.82,1.49
205.0,1720.78,89.78,-61.57,1.6
206.0,1697.46,91.53,-61.23,1.6
207.0,1676.17,97.43,-61.02,1.63
208.0,1667.22,103.41,-60.58,1.69
209.0,1647.54,96.17,-60.63,1.73
210.0,1622.61,95.3,-60.28,1.74
211.0,1602.29,95.28,-59.83,1.7
212.0,1577.28,98.68,-59.63,1.66
213.0,1560.44,101.15,-59.36,1.7
214.0,1547.9,98.86,-59.16,1.79
215.0,1518.19,96.59,-58.72,1.64
216.0,1493.42,93.71,-58.33,1.62
217.0,1474.16,92.57,-58.19,1.66
218.0,1457.67,97.57,-57.69,1.76
219.0,1440.0,102.7,-57.38,1.72
220.0,1417.07,96.6,-57.09,1.77
221.0,1395.42,92.96,-56.84,1.87
222.0,1376.88,92.25,-56.42,1.91
223.0,1355.88,98.33,-56.13,1.79
224.0,1341.48,100.33,-55.68,1.84
225.0,1322.01,100.62,-55.35,1.81
226.0,1294.54,97.52,-55.02,1.91
227.0,1279.2,97.97,-54.53,1.83
228.0,1262.79,103.1,-54.13,1.82
229.0,1241.99,103.8,-53.81,2.03
230.0,1211.42,99.39,-53.46,1.98
231.0,1192.53,103.86,-52.97,1.87
232.0,1181.3,108.55,-52.54,2.01
233.0,1159.8,109.58,-51.95,2.12
234.0,1134.11,108.86,-51.45,2.12
235.0,1117.21,108.62,-51.13,2.27
236.0,1095.69,111.61,-50.61,2.31
237.0,1076.19,111.82,-49.98,2.31
238.0,1057.07,109.46,-49.44,2.51
239.0,1036.44,114.63,-49.17,2.4
240.0,1017.94,112.92,-48.45,2.29
241.0,995.43,116.29,-47.83,2.51
242.0,972.83,117.63,-47.45,2.44
243.0,956.41,121.05,-46.67,2.57
244.0,936.72,118.18,-46.15,2.67
245.0,914.9,121.94,-45.39,2.7
246.0,895.84,127.41,-44.68,2.79
247.0,875.12,126.49,-44.05,2.93
248.0,851.71,128.31,-43.22,2.97
249.0,834.06,129.15,-42.47,2.96
250.0,805.6,132.85,-41.66,3.11
251.0,790.72,132.47,-41.07,3.1
252.0,766.48,139.43,-40.06,3.39
253.0,750.05,139.39,-39.14,3.31
254.0,729.54,140.18,-38.24,3.55
255.0,710.31,138.75,-37.09,3.7
256.0,690.0,143.99,-35.98,3.69
257.0,675.88,146.11,-35.04,3.99
258.0,651.54,150.77,-34.02,3.93
259.0,638.37,144.46,-32.89,4.11
260.0,613.9,147.14,-31.41,4.46
261.0,601.61,145.29,-30.24,4.57
262.0,587.7,147.24,-28.83,4.81
263.0,574.03,151.54,-27.42,5.04
264.0,564.26,150.69,-25.88,5.4
265.0,552.54,149.58,-24.36,5.55
266.0,543.09,154.25,-22.75,5.86
267.0,538.32,156.97,-21.06,6.02
268.0,532.92,158.38,-19.63,6.32
269.0,523.21,151.13,-17.58,6.66
270.0,521.44,155.46,-15.98,6.9
271.0,517.22,150.03,-14.17,7.06
272.0,514.47,151.33,-12.0,7.37
273.0,515.91,152.8,-10.12,7.71
274.0,514.42,150.27,-8.18,8.05
275.0,520.97,153.86,-6.21,8.2
276.0,527.13,150.08,-4.17,8.59
277.0,535.54,153.84,-1.66,8.89
278.0,547.81,156.55,0.39,9.23
279.0,563.17,157.18,2.46,9.4
280.0,585.3,158.27,4.71,9.74
281.0,611.44,165.13,6.89,9.9
282.0,634.84,168.67,8.93,10.07
283.0,666.88,176.62,11.35,10.25
284.0,705.82,186.5,13.38,10.25
285.0,746.8,195.39,15.66,10.44
286.0,796.42,207.75,17.68,10.64
287.0,848.92,220.02,19.66,10.5
288.0,908.61,234.32,21.81,10.55
289.0,972.71,252.15,23.71,10.58
290.0,1042.88,267.79,25.61,10.6
291.0,1120.81,283.26,27.45,10.63
292.0,1207.53,312.39,29.01,10.83
293.0,1296.13,331.21,30.75,10.48
294.0,1402.49,355.21,32.16,10.37
295.0,1499.49,381.8,33.68,10.33
296.0,1619.72,415.9,34.81,10.07
297.0,1753.98,447.7,36.22,10.33
298.0,1886.98,485.25,37.43,9.88
299.0,2028.9,515.61,38.25,9.61
300.0,2181.32,553.62,39.0,9.44
301.0,2357.56,602.36,39.38,9.48
302.0,2515.27,631.68,39.91,9.47
303.0,2705.17,686.05,40.41,9.43
304.0,2921.13,751.7,40.77,9.61
305.0,3137.63,814.05,40.95,9.59
306.0,3359.9,880.7,40.96,10.05
307.0,3642.75,988.06,40.77,9.88
308.0,3906.06,1119.13,40.58,10.19
309.0,4214.22,1257.71,40.47,10.64
310.0,4525.88,1378.69,40.15,10.73
311.0,4920.39,1569.54,39.41,10.87
312.0,5383.55,1877.94,38.19,10.31
313.0,5763.16,1992.5,36.87,10.61
314.0,6234.86,2288.15,35.17,11.39
315.0,6727.92,2465.59,33.85,11.43
316.0,7327.48,2795.43,30.54,13.74
317.0,7815.08,3082.95,26.71,15.29
318.0,8358.21,3182.06,25.24,15.19
319.0,8929.06,3447.11,20.88,20.66
320.0,9525.83,3591.94,18.55,17.45
321.0,9881.86,3589.68,13.04,19.41
322.0,10421.4,3668.04,10.65,20.88
323.0,10914.39,3655.56,5.07,21.48
324.0,11128.68,3441.66,1.48,22.74
325.0,11476.25,3337.53,-7.91,25.64
326.0,11890.54,3594.62,-7.05,21.48
327.0,12126.18,3415.07,-10.02,24.24
328.0,12146.42,3316.3,-20.59,21.76
329.0,12054.83,3152.14,-22.89,22.74
330.0,12115.15,2944.77,-26.7,22.84
331.0,11991.39,2794.17,-33.1,25.46
332.0,11811.55,2915.23,-36.04,20.95
333.0,11722.63,3061.99,-37.32,18.13
334.0,11527.39,3113.18,-35.45,26.99
335.0,11142.79,2988.81,-37.0,26.41
336.0,10766.53,2918.21,-38.13,25.92
337.0,10388.16,2670.01,-45.77,16.18
338.0,10125.63,2662.54,-45.67,22.42
339.0,9577.18,2542.53,-46.37,24.52
340.0,9191.63,2474.16,-51.45,14.55
341.0,8942.37,2339.21,-54.73,12.72
342.0,8560.75,2214.76,-56.49,11.64
343.0,8062.1,2055.99,-59.15,7.63
344.0,7719.27,1747.78,-60.67,6.97
345.0,7444.58,1715.45,-61.06,6.75
346.0,7138.6,1756.26,-62.12,6.12
347.0,6828.93,1520.03,-63.1,5.6
348.0,6526.05,1320.62,-64.03,5.07
349.0,6325.4,1347.93,-64.4,5.31
350.0,6101.52,1320.75,-64.64,5.23
351.0,5825.48,1029.84,-65.27,4.36
352.0,5659.61,1032.67,-66.08,4.18
353.0,5479.17,1045.94,-65.74,4.27
354.0,5267.28,917.13,-66.19,4.17
355.0,5103.74,853.63,-66.53,3.79
356.0,4970.75,852.83,-66.51,3.7
357.0,4839.45,802.05,-66.44,3.73
358.0,4666.97,713.7,-66.76,3.43
359.0,4552.92,694.13,-66.89,3.49
360.0,4434.4,700.56,-66.67,3.01
361.0,4308.05,644.67,-66.55,3.26
362.0,4190.87,581.31,-66.73,2.76
363.0,4099.61,568.87,-66.7,3.07
364.0,4033.86,575.03,-66.49,2.68
365.0,3917.9,535.48,-66.56,2.74
366.0,3825.85,505.39,-65.93,3.24
367.0,3749.58,490.95,-65.86,2.88
368.0,3670.59,470.87,-65.74,2.75
369.0,3593.58,463.6,-65.63,2.47
370.0,3518.78,447.53,-65.86,2.64
371.0,3445.0,424.86,-65.67,2.69
372.0,3379.25,403.89,-65.01,2.63
373.0,3311.34,402.45,-64.91,2.68
374.0,3255.59,407.04,-64.62,2.57
375.0,3178.53,364.72,-64.61,2.28
376.0,3119.4,360.64,-64.33,2.42
377.0,3077.06,345.53,-64.06,2.21
378.0,3026.13,359.53,-63.75,2.29
379.0,2978.9,363.9,-63.52,2.43
380.0,2899.56,337.1,-63.37,2.28
381.0,2843.26,315.56,-62.91,1.97
382.0,2809.42,323.09,-62.56,2.21
383.0,2763.49,316.43,-62.44,2.11
384.0,2702.33,335.14,-61.52,2.19
385.0,2652.56,331.43,-61.48,2.29
386.0,2603.06,325.74,-61.17,2.53
387.0,2556.31,317.97,-60.57,2.7
388.0,2509.33,320.46,-59.93,2.72
389.0,2454.61,329.2,-59.51,2.92
390.0,2403.47,332.25,-58.61,2.94
391.0,2377.67,340.72,-58.32,3.73
392.0,2350.42,358.12,-57.63,4.1
393.0,2299.31,360.66,-56.66,4.52
394.0,2266.66,364.29,-55.35,4.72
395.0,2243.89,377.71,-54.22,5.43
396.0,2226.96,402.51,-53.37,5.62
397.0,2215.92,431.75,-52.43,6.21
398.0,2206.64,458.84,-51.17,6.91
399.0,2213.88,487.05,-50.01,7.51
400.0,2216.02,528.52,-48.61,8.02
401.0,2239.38,575.29,-47.55,8.59
402.0,2264.43,600.21,-46.44,9.39
403.0,2293.56,614.3,-45.1,10.63
404.0,2355.11,643.43,-44.35,11.7
405.0,2421.68,654.28,-43.31,12.21
406.0,2495.3,659.55,-42.52,12.94
407.0,2561.09,673.21,-42.51,13.24
408.0,2636.15,691.36,-42.45,13.3
409.0,2728.93,683.47,-42.17,14.05
410.0,2807.44,672.57,-42.43,13.65
411.0,2879.02,649.86,-42.93,13.31
412.0,2954.25,680.58,-43.83,12.01
413.0,3018.81,709.5,-44.73,10.84
414.0,3070.13,765.21,-45.59,9.49
415.0,3098.86,756.79,-46.67,8.69
416.0,3099.92,692.08,-47.7,7.53
417.0,3119.09,670.46,-48.42,7.22
418.0,3101.71,638.1,-49.0,6.55
419.0,3077.11,593.14,-50.29,5.89
420.0,3063.05,559.36,-50.87,5.34
421.0,3046.35,526.91,-51.23,5.08
422.0,3044.51,515.5,-51.61,4.75
423.0,3013.88,489.18,-52.23,4.4
424.0,2997.51,457.75,-52.67,3.9
425.0,2985.21,446.67,-52.89,4.09
426.0,2965.21,420.9,-53.19,3.67
427.0,2932.98,408.02,-53.59,3.73
428.0,2916.06,399.11,-53.97,3.45
429.0,2913.91,401.62,-54.1,3.2
430.0,2896.24,385.63,-54.38,3.1
431.0,2878.35,370.37,-54.54,3.1
432.0,2862.13,353.27,-54.39,2.98
433.0,2843.43,349.81,-54.76,3.09
434.0,2832.59,338.63,-54.67,2.89
435.0,2825.73,332.06,-54.76,3.12
436.0,2817.69,330.09,-54.9,2.95
437.0,2808.7,326.88,-55.24,3.01
438.0,2786.87,309.19,-55.37,2.96
439.0,2769.17,320.92,-55.82,2.98
440.0,2757.43,319.51,-55.72,2.81
441.0,2744.02,321.03,-56.09,2.78
442.0,2719.96,320.06,-56.33,2.78
443.0,2712.05,312.72,-56.52,2.73
444.0,2700.69,314.15,-56.8,2.64
445.0,2696.04,312.53,-56.75,2.66
446.0,2690.55,313.23,-56.91,2.7
447.0,2677.93,312.38,-57.07,2.73
448.0,2664.67,303.28,-57.07,2.7
449.0,2650.13,296.98,-57.27,2.58
450.0,2641.86,303.58,-57.6,2.54
451.0,2623.26,290.89,-57.42,2.5
452.0,2605.68,284.23,-57.85,2.29
453.0,2583.77,280.0,-57.86,2.25
454.0,2574.21,281.51,-58.06,2.3
455.0,2560.81,278.18,-58.43,2.46
456.0,2551.02,273.93,-58.36,2.3
457.0,2540.49,273.23,-58.59,2.32
458.0,2517.04,275.27,-58.67,2.27
459.0,2509.36,273.58,-58.71,2.13
460.0,2482.56,280.19,-58.89,2.26
461.0,2474.24,276.9,-59.16,2.3
462.0,2460.69,275.66,-59.37,2.2
463.0,2448.27,271.22,-59.33,2.05
464.0,2432.26,273.65,-59.04,2.02
465.0,2420.06,271.56,-59.29,2.07
466.0,2408.73,270.48,-59.6,1.97
467.0,2388.58,271.32,-59.36,2.01
468.0,2370.29,272.56,-59.28,1.94
469.0,2353.66,262.61,-59.23,2.02
470.0,2329.32,250.16,-59.5,2.06
471.0,2319.73,251.35,-59.43,2.09
472.0,2300.18,248.16,-59.14,2.18
473.0,2293.92,254.05,-59.15,2.02
474.0,2277.15,251.92,-59.37,1.95
475.0,2258.25,246.75,-59.39,1.94
476.0,2244.61,242.07,-59.4,1.99
477.0,2227.86,241.2,-59.36,1.83
478.0,2212.34,249.9,-59.32,1.8
479.0,2199.26,246.02,-59.48,1.78
480.0,2191.82,250.84,-59.36,1.96
481.0,2179.31,251.31,-59.48,2.03
482.0,2162.43,247.86,-59.63,1.98
483.0,2149.88,245.94,-59.62,1.73
484.0,2130.93,232.24,-59.28,1.57
485.0,2116.61,224.5,-59.43,1.76
486.0,2102.75,224.75,-59.33,1.74
487.0,2084.7,222.75,-59.34,1.56
488.0,2067.8,223.04,-59.36,1.72
489.0,2057.87,224.52,-59.62,1.79
490.0,2048.88,227.89,-59.58,1.85
491.0,2043.0,226.67,-59.65,1.89
492.0,2033.02,226.82,-59.31,1.9
493.0,2030.34,230.97,-59.76,1.74
494.0,2014.3,222.49,-59.71,1.94
495.0,2004.46,221.19,-59.6,2.03
496.0,1994.87,216.84,-59.59,1.76
497.0,1982.75,207.93,-59.32,1.86
498.0,1963.74,197.41,-59.47,1.94
499.0,1949.77,193.15,-59.25,1.75
500.0,1936.98,193.17,-59.37,1.9
501.0,1926.43,191.53,-59.16,1.8
502.0,1917.01,194.19,-59.19,2.09
503.0,1906.02,199.45,-59.29,1.72
504.0,1898.02,200.64,-59.39,1.66
505.0,1886.8,193.55,-59.39,1.76
506.0,1880.22,191.88,-59.66,1.94
507.0,1871.62,187.21,-59.35,1.85
508.0,1857.36,183.61,-59.12,1.86
509.0,1843.4,181.76,-59.07,1.53
510.0,1841.99,177.47,-58.97,1.66
511.0,1826.4,178.57,-58.86,1.72
512.0,1819.87,176.53,-58.78,1.76
513.0,1806.56,177.05,-58.84,1.72
514.0,1797.38,175.71,-58.57,1.91
515.0,1789.67,172.36,-58.56,1.76
516.0,1781.59,174.29,-58.82,1.8
517.0,1776.93,176.65,-58.63,1.81
518.0,1767.83,177.57,-58.8,1.93
519.0,1757.47,173.83,-58.79,2.12
520.0,1747.1,169.75,-58.6,1.94
521.0,1745.54,171.95,-58.7,1.78
522.0,1734.63,169.89,-58.49,1.71
523.0,1722.69,162.37,-58.23,1.79
524.0,1714.95,166.09,-58.38,1.86
525.0,1712.76,167.44,-58.04,1.99
526.0,1700.38,161.65,-58.08,1.88
527.0,1695.4,165.09,-58.24,1.72
528.0,1684.99,159.67,-58.24,1.78
529.0,1681.75,166.08,-58.08,1.87
530.0,1669.03,157.99,-57.93,1.72
531.0,1658.54,155.77,-57.97,1.87
532.0,1655.38,156.68,-57.96,1.91
533.0,1650.76,156.13,-57.86,1.58
534.0,1644.74,155.31,-57.9,1.59
535.0,1638.43,158.37,-58.2,1.79
536.0,1635.67,157.49,-58.24,1.57
537.0,1631.79,159.0,-58.03,1.59
538.0,1623.3,158.04,-58.31,1.44
539.0,1616.54,159.35,-58.23,1.39
540.0,1609.16,154.85,-58.11,1.61
541.0,1599.29,152.62,-58.18,1.51
542.0,1592.17,150.41,-57.87,1.42
543.0,1587.8,151.24,-57.92,1.41
544.0,1584.24,150.79,-57.9,1.42
545.0,1580.57,151.85,-57.47,1.51
546.0,1570.34,147.65,-57.5,1.62
547.0,1565.62,146.6,-57.39,1.39
548.0,1561.23,143.35,-57.34,1.46
549.0,1558.53,144.66,-57.41,1.64
550.0,1554.43,143.27,-57.26,1.52
551.0,1546.83,145.34,-57.33,1.54
552.0,1537.82,141.14,-57.15,1.76
553.0,1533.45,139.75,-57.03,1.65
554.0,1529.73,142.06,-57.33,1.74
555.0,1528.28,142.89,-56.97,1.51
556.0,1522.51,142.67,-57.15,1.54
557.0,1519.43,145.77,-57.1,1.54
558.0,1515.25,148.18,-56.76,1.47
559.0,1513.16,148.37,-56.89,1.44
560.0,1507.33,146.97,-57.13,1.42
561.0,1505.26,150.38,-57.15,1.54
562.0,1500.92,151.73,-56.91,1.51
563.0,1494.85,142.39,-56.75,1.39
564.0,1492.17,141.98,-56.86,1.47
565.0,1487.15,141.66,-56.98,1.55
566.0,1481.66,139.5,-57.09,1.71
567.0,1475.65,141.22,-56.78,1.51
568.0,1469.26,134.5,-56.81,1.45
569.0,1462.96,135.01,-56.83,1.55
570.0,1460.74,137.37,-57.05,1.58
571.0,1455.49,135.76,-56.88,1.61
572.0,1450.9,134.96,-56.65,1.66
573.0,1446.43,132.39,-56.75,1.51
574.0,1444.05,131.16,-56.96,1.44
575.0,1437.57,134.39,-56.73,1.48
576.0,1433.97,134.16,-56.5,1.49
577.0,1426.5,136.39,-56.65,1.47
578.0,1422.02,129.21,-56.93,1.6
579.0,1414.78,128.57,-56.81,1.59
580.0,1409.1,129.47,-56.54,1.59
581.0,1401.11,129.69,-56.85,1.59
582.0,1397.35,127.25,-56.97,1.46
583.0,1393.44,125.95,-56.52,1.5
584.0,1389.67,123.41,-56.55,1.45
585.0,1381.71,124.31,-56.62,1.68
586.0,1374.94,122.54,-56.81,1.54
587.0,1372.33,122.08,-56.35,1.63
588.0,1366.7,122.39,-56.2,1.63
589.0,1364.27,121.76,-56.34,1.51
590.0,1359.47,120.23,-56.27,1.46
591.0,1357.71,125.22,-55.99,1.66
592.0,1354.14,121.57,-56.1,1.49
593.0,1350.09,122.48,-56.29,1.85
594.0,1342.0,121.8,-55.84,1.53
595.0,1336.04,121.54,-55.91,1.6
596.0,1329.55,119.4,-56.1,1.55
597.0,1323.78,123.65,-55.96,1.54
598.0,1319.42,117.71,-55.96,1.45
599.0,1314.01,115.15,-55.89,1.62
600.0,1310.43,124.4,-55.91,1.51
