frecuencia_kHz,vpp_generador_V,vpp_medida_V,desfase_deg
100,10.6,1.728,-77.83
101,10.6,1.76,-80.14
102,10.6,1.76,-79.9
103,10.6,1.76,-79.97
104,10.6,1.76,-78.81
105,10.6,1.76,-79.66
106,10.6,1.76,-79.26
107,10.6,1.776,-79.91
108,10.6,1.776,-78.73
109,10.6,1.84,-76.43
110,10.6,1.904,-78.53
111,10.6,1.92,-78.2
112,10.6,1.92,-78.39
113,10.6,1.92,-78.74
114,10.6,1.92,-77.26
115,10.6,1.92,-77.39
116,10.6,1.92,-76.26
117,10.56,1.984,-73.69
118,10.6,2.0,-74.43
119,10.6,2.048,-75.92
120,10.6,2.064,-75.84
121,10.6,2.08,-77.39
122,10.6,2.08,-76.68
123,10.6,2.08,-76.55
124,10.6,2.096,-76.36
125,10.6,2.096,-75.58
126,10.6,2.144,-73.61
127,10.6,2.224,-75.7
128,10.6,2.24,-76.18
129,10.56,2.24,-75.25
130,10.52,2.24,-74.44
131,10.56,2.24,-74.67
132,10.6,2.24,-74.55
133,10.56,2.24,-74.22
134,10.56,2.24,-74.16
135,10.56,2.288,-74.15
136,10.52,2.32,-73.75
137,10.56,2.384,-74.75
138,10.6,2.4,-74.01
139,10.6,2.4,-74.28
140,10.56,2.4,-74.36
141,10.6,2.4,-74.21
142,10.52,2.4,-73.9
143,10.6,2.4,-73.2
144,10.6,2.4,-73.46
145,10.56,2.432,-74.01
146,10.6,2.496,-74.12
147,10.56,2.528,-73.25
148,10.6,2.56,-73.64
149,10.6,2.56,-72.82
150,10.56,2.56,-72.76
151,10.6,2.56,-73.25
152,10.56,2.56,-73.42
153,10.56,2.56,-73.06
154,10.56,2.56,-72.57
155,10.56,2.688,-72.54
156,10.6,2.72,-72.72
157,10.56,2.72,-71.67
158,10.56,2.72,-71.93
159,10.52,2.72,-72.0
160,10.52,2.72,-71.61
161,10.6,2.752,-72.09
162,10.6,2.848,-71.79
163,10.6,2.88,-71.49
164,10.6,2.88,-71.26
165,10.6,2.88,-70.77
166,10.56,2.88,-69.32
167,10.6,2.88,-70.67
168,10.6,2.928,-70.16
169,10.6,2.976,-69.92
170,10.6,2.992,-69.79
171,10.56,3.04,-69.78
172,10.6,3.04,-69.64
173,10.6,3.04,-67.4
174,10.56,3.056,-68.49
175,10.6,3.072,-68.85
176,10.6,3.12,-68.45
177,10.6,3.168,-68.84
178,10.56,3.2,-68.33
179,10.6,3.2,-67.05
180,10.56,3.2,-66.29
181,10.6,3.216,-67.58
182,10.6,3.28,-67.05
183,10.48,3.28,-67.59
184,10.52,3.344,-67.1
185,10.56,3.36,-66.37
186,10.6,3.36,-64.72
187,10.6,3.36,-63.99
188,10.6,3.392,-66.08
189,10.6,3.44,-66.4
190,10.6,3.52,-65.54
191,10.56,3.52,-66.21
192,10.6,3.52,-65.27
193,10.56,3.552,-65.27
194,10.52,3.584,-65.14
195,10.6,3.664,-64.69
196,10.56,3.68,-64.56
197,10.56,3.68,-61.97
198,10.6,3.712,-62.17
199,10.56,3.712,-64.06
200,10.56,3.776,-63.5
201,10.52,3.84,-63.2
202,10.52,3.84,-61.2
203,10.52,3.84,-62.42
204,10.52,3.856,-62.47
205,10.56,3.952,-61.65
206,10.56,4.0,-61.86
207,10.6,4.0,-61.95
208,10.56,4.016,-61.0
209,10.6,4.16,-60.64
210,10.52,4.16,-60.85
211,10.6,4.16,-60.24
212,10.56,4.208,-59.18
213,10.56,4.272,-58.69
214,10.48,4.32,-58.4
215,10.48,4.32,-58.56
216,10.44,4.32,-57.84
217,10.52,4.352,-57.54
218,10.52,4.448,-56.77
219,10.52,4.48,-56.04
220,10.48,4.48,-55.99
221,10.56,4.48,-55.68
222,10.6,4.496,-55.47
223,10.56,4.64,-55.37
224,10.56,4.64,-54.54
225,10.6,4.64,-54.73
226,10.56,4.768,-54.31
227,10.48,4.8,-53.77
228,10.48,4.8,-53.27
229,10.48,4.912,-52.32
230,10.48,4.96,-52.36
231,10.44,4.96,-51.57
232,10.52,5.072,-50.65
233,10.48,5.12,-50.34
234,10.44,5.12,-49.62
235,10.36,5.232,-48.56
236,10.4,5.264,-47.42
237,10.4,5.28,-47.73
238,10.48,5.312,-47.33
239,10.36,5.44,-46.14
240,10.4,5.456,-45.8
241,10.4,5.44,-45.09
242,10.32,5.536,-43.23
243,10.28,5.6,-43.25
244,10.32,5.648,-42.19
245,10.32,5.76,-40.77
246,10.32,5.76,-40.28
247,10.24,5.808,-38.25
248,10.2,5.92,-37.26
249,10.24,5.92,-36.98
250,10.24,5.968,-35.31
251,10.24,6.0,-33.67
252,10.24,6.048,-32.11
253,10.2,6.064,-31.39
254,10.2,6.064,-29.68
255,10.2,6.032,-28.56
256,10.2,5.952,-27.96
257,10.28,5.936,-27.9
258,10.24,5.952,-27.69
259,10.2,6.0,-26.12
260,10.2,6.032,-25.31
261,10.24,6.064,-23.64
262,10.2,6.064,-22.79
263,10.24,6.048,-21.35
264,10.2,6.08,-21.47
265,10.2,6.08,-20.61
266,10.2,6.08,-18.67
267,10.28,6.08,-18.01
268,10.24,6.08,-16.24
269,10.2,6.08,-15.35
270,10.2,6.064,-14.15
271,10.24,6.08,-13.28
272,10.24,6.192,-11.13
273,10.2,6.24,-10.53
274,10.2,6.304,-9.06
275,10.2,6.4,-7.29
276,10.2,6.416,-5.25
277,10.2,6.56,-3.35
278,10.2,6.56,-0.48
279,10.24,6.56,2.25
280,10.2,6.56,4.28
281,10.2,6.56,8.4
282,10.2,6.56,10.88
283,10.24,6.4,14.02
284,10.2,6.304,15.71
285,10.2,6.24,18.67
286,10.2,6.08,21.24
287,10.2,5.904,23.94
288,10.4,5.632,27.46
289,10.36,5.44,30.64
290,10.4,5.184,32.23
291,10.4,4.96,33.89
292,10.4,4.64,36.81
293,10.4,4.48,37.69
294,10.52,4.208,39.11
295,10.52,4.0,41.22
296,10.48,3.824,41.97
297,10.52,3.6,43.54
298,10.48,3.36,46.66
299,10.48,3.2,46.55
300,10.6,3.04,46.38
301,10.6,2.88,46.69
302,10.6,2.72,47.13
303,10.6,2.56,48.68
304,10.6,2.4,48.2
305,10.6,2.24,47.6
306,10.6,2.08,47.84
307,10.6,1.92,47.92
308,10.6,1.76,46.3
309,10.6,1.6,45.4
310,10.6,1.6,43.39
311,10.6,1.44,41.37
312,10.6,1.28,39.3
313,10.6,1.28,36.79
314,10.6,1.12,33.97
315,10.6,1.12,31.49
316,10.6,0.96,27.79
317,10.6,0.96,23.32
318,10.6,0.96,21.07
319,10.6,0.8,16.75
320,10.6,0.8,10.42
321,10.6,0.8,3.7
322,10.6,0.8,2.31
323,10.6,0.72,-4.29
324,10.6,0.656,-10.82
325,10.6,0.656,-18.53
326,10.6,0.64,-23.85
327,10.6,0.704,-27.52
328,10.6,0.8,-32.86
329,10.6,0.8,-40.92
330,10.6,0.8,-43.64
331,10.6,0.8,-46.34
332,10.6,0.864,-38.67
333,10.6,0.944,-47.51
334,10.6,0.96,-52.45
335,10.6,0.96,-54.64
336,10.6,0.96,-56.42
337,10.6,1.04,-52.01
338,10.6,1.104,-57.02
339,10.6,1.12,-58.18
340,10.6,1.12,-58.5
341,10.6,1.2,-62.93
342,10.6,1.248,-63.21
343,10.6,1.28,-64.43
344,10.6,1.28,-66.66
345,10.6,1.392,-65.77
346,10.6,1.44,-66.88
347,10.6,1.44,-67.2
348,10.6,1.536,-66.9
349,10.6,1.6,-67.86
350,10.6,1.6,-68.61
351,10.6,1.616,-68.74
352,10.6,1.744,-67.05
353,10.6,1.76,-68.17
354,10.6,1.76,-69.29
355,10.6,1.888,-69.34
356,10.6,1.92,-68.35
357,10.6,1.92,-69.45
358,10.6,1.984,-68.2
359,10.6,2.08,-67.51
360,10.6,2.08,-68.06
361,10.6,2.096,-67.88
362,10.6,2.224,-66.8
363,10.6,2.24,-66.9
364,10.6,2.24,-67.19
365,10.6,2.24,-66.82
366,10.6,2.336,-66.37
367,10.6,2.4,-65.71
368,10.6,2.4,-65.41
369,10.6,2.4,-65.41
370,10.6,2.464,-65.65
371,10.6,2.544,-63.55
372,10.6,2.56,-64.34
373,10.6,2.56,-64.05
374,10.6,2.56,-63.79
375,10.6,2.608,-61.62
376,10.6,2.72,-62.44
377,10.6,2.72,-61.45
378,10.6,2.72,-61.02
379,10.6,2.72,-59.69
380,10.6,2.832,-60.8
381,10.6,2.864,-59.82
382,10.6,2.88,-58.25
383,10.6,2.88,-58.2
384,10.6,2.88,-56.76
385,10.6,2.912,-55.94
386,10.6,2.944,-54.44
387,10.6,3.024,-54.02
388,10.6,3.008,-53.76
389,10.6,3.024,-52.57
390,10.6,2.992,-51.85
391,10.6,2.976,-49.84
392,10.6,2.896,-48.45
393,10.6,2.88,-49.5
394,10.6,2.88,-49.42
395,10.6,2.88,-47.4
396,10.6,2.864,-47.12
397,10.6,2.72,-47.47
398,10.6,2.72,-45.66
399,10.6,2.72,-46.93
400,10.6,2.672,-46.1
401,10.6,2.56,-47.47
402,10.6,2.56,-47.15
403,10.6,2.56,-47.45
404,10.6,2.56,-50.7
405,10.6,2.56,-49.99
406,10.6,2.56,-51.26
407,10.6,2.56,-52.65
408,10.6,2.56,-52.81
409,10.6,2.56,-53.01
410,10.6,2.56,-54.57
411,10.6,2.56,-52.63
412,10.6,2.56,-52.63
413,10.6,2.56,-55.54
414,10.6,2.56,-55.11
415,10.6,2.56,-55.38
416,10.6,2.592,-55.85
417,10.6,2.592,-56.35
418,10.6,2.656,-56.65
419,10.6,2.72,-56.56
420,10.6,2.72,-57.25
421,10.6,2.72,-57.16
422,10.6,2.72,-57.41
423,10.6,2.72,-57.55
424,10.6,2.72,-57.72
425,10.6,2.72,-56.57
426,10.6,2.72,-55.81
427,10.6,2.736,-56.64
428,10.6,2.752,-57.95
429,10.6,2.816,-57.45
430,10.6,2.832,-58.44
431,10.6,2.88,-58.34
432,10.6,2.88,-58.3
433,10.6,2.88,-58.59
434,10.6,2.88,-58.69
435,10.6,2.88,-57.49
436,10.6,2.88,-56.91
437,10.6,2.88,-57.34
438,10.6,2.88,-57.73
439,10.6,2.88,-59.14
440,10.6,2.896,-58.82
441,10.6,2.928,-58.88
442,10.6,2.992,-58.75
443,10.6,2.992,-60.0
444,10.6,2.992,-60.06
445,10.6,3.024,-57.65
446,10.6,3.04,-59.4
447,10.6,3.04,-59.75
448,10.6,3.04,-59.78
449,10.6,3.04,-57.83
450,10.6,3.04,-58.73
451,10.6,3.04,-57.56
452,10.6,3.04,-58.76
453,10.6,3.072,-58.42
454,10.6,3.12,-58.63
455,10.6,3.12,-58.93
456,10.6,3.136,-59.54
457,10.6,3.136,-59.12
458,10.6,3.168,-58.97
459,10.6,3.152,-60.11
460,10.6,3.2,-59.43
461,10.6,3.2,-58.74
462,10.6,3.2,-58.23
463,10.6,3.2,-59.4
464,10.6,3.2,-58.26
465,10.6,3.2,-57.99
466,10.6,3.2,-58.37
467,10.6,3.216,-58.05
468,10.6,3.248,-59.19
469,10.6,3.264,-59.89
470,10.6,3.264,-59.12
471,10.6,3.28,-61.02
472,10.6,3.28,-58.71
473,10.6,3.328,-59.32
474,10.6,3.328,-58.11
475,10.6,3.328,-58.58
476,10.6,3.344,-59.18
477,10.6,3.36,-59.34
478,10.6,3.36,-59.82
479,10.6,3.36,-60.3
480,10.6,3.36,-60.48
481,10.6,3.36,-60.14
482,10.6,3.376,-59.81
483,10.6,3.392,-59.58
484,10.6,3.456,-59.56
485,10.6,3.472,-58.67
486,10.6,3.488,-59.18
487,10.6,3.504,-59.79
488,10.6,3.52,-59.04
489,10.6,3.52,-58.9
490,10.6,3.52,-59.41
491,10.6,3.52,-59.48
492,10.6,3.536,-59.34
493,10.6,3.536,-59.43
494,10.6,3.552,-59.03
495,10.6,3.616,-58.76
496,10.6,3.616,-58.86
497,10.6,3.648,-58.69
498,10.6,3.664,-59.42
499,10.6,3.68,-58.78
500,10.6,3.648,-58.8
501,10.6,3.68,-59.93
502,10.6,3.68,-59.33
503,10.6,3.68,-58.6
504,10.6,3.68,-59.95
505,10.6,3.68,-60.51
506,10.6,3.712,-59.81
507,10.6,3.744,-59.1
508,10.6,3.76,-58.71
509,10.6,3.776,-58.14
510,10.6,3.76,-58.46
511,10.6,3.808,-57.35
512,10.6,3.808,-57.64
513,10.6,3.792,-57.44
514,10.6,3.808,-58.05
515,10.6,3.824,-57.8
516,10.6,3.84,-58.41
517,10.6,3.84,-58.06
518,10.6,3.84,-58.13
519,10.6,3.84,-57.36
520,10.6,3.84,-57.33
521,10.6,3.84,-58.2
522,10.6,3.84,-58.12
523,10.6,3.84,-58.29
524,10.6,3.84,-58.32
525,10.6,3.84,-58.01
526,10.6,3.856,-58.18
527,10.6,3.84,-57.9
528,10.6,3.888,-57.77
529,10.6,3.856,-57.64
530,10.6,3.888,-56.77
531,10.6,3.872,-56.84
532,10.6,3.92,-56.83
533,10.6,3.92,-57.13
534,10.6,3.92,-57.05
535,10.6,3.936,-56.59
536,10.6,3.952,-57.45
537,10.6,3.952,-58.35
538,10.6,4.0,-58.14
539,10.6,3.984,-57.57
540,10.6,4.0,-58.14
541,10.6,4.0,-58.36
542,10.6,4.0,-58.26
543,10.6,4.0,-57.68
544,10.6,4.0,-57.36
545,10.6,4.0,-56.75
546,10.6,4.048,-57.74
547,10.6,4.048,-57.9
548,10.6,4.064,-57.5
549,10.6,4.096,-58.42
550,10.6,4.112,-57.59
551,10.6,4.16,-58.36
552,10.6,4.16,-58.12
553,10.6,4.16,-58.01
554,10.6,4.16,-57.66
555,10.6,4.16,-56.96
556,10.6,4.16,-58.27
557,10.6,4.16,-57.3
558,10.6,4.16,-57.08
559,10.6,4.16,-57.32
560,10.6,4.16,-57.66
561,10.6,4.176,-58.84
562,10.6,4.176,-57.95
563,10.6,4.224,-57.59
564,10.6,4.224,-56.95
565,10.6,4.304,-57.94
566,10.6,4.272,-58.32
567,10.6,4.304,-57.2
568,10.6,4.32,-57.49
569,10.6,4.32,-57.02
570,10.6,4.32,-57.27
571,10.6,4.32,-56.99
572,10.6,4.32,-56.63
573,10.6,4.32,-56.31
574,10.6,4.32,-56.97
575,10.6,4.32,-56.35
576,10.6,4.32,-56.66
577,10.6,4.32,-56.59
578,10.6,4.32,-57.39
579,10.6,4.4,-56.62
580,10.6,4.4,-56.59
581,10.6,4.448,-57.71
582,10.6,4.448,-57.93
583,10.6,4.48,-56.53
584,10.6,4.48,-56.13
585,10.6,4.48,-56.97
586,10.6,4.48,-56.93
587,10.6,4.48,-56.42
588,10.6,4.48,-56.78
589,10.6,4.48,-55.68
590,10.6,4.48,-55.66
591,10.6,4.48,-56.65
592,10.6,4.48,-56.13
593,10.6,4.48,-56.16
594,10.6,4.496,-55.96
595,10.6,4.528,-56.57
596,10.6,4.512,-57.02
597,10.6,4.56,-56.39
598,10.6,4.592,-56.3
599,10.6,4.64,-55.97
600,10.6,4.64,-56.57
